user_id,location,age,gender,interests,existing_communities,active_since
U001,"Austin, TX",39,Female,"['Art of Living', 'Brahma Kumaris', 'Forgiveness', 'Hatha Yoga', 'Kirtan', 'Qi Gong']","['Art of Living', 'Bhakti Center NYC', 'Brahma Kumaris']",2025-08-31
U002,"Portland, OR",32,Non-binary,"['Ashtanga Yoga', 'Bhakti', 'Catholic Church', 'Individual Therapy', 'Meditation', 'Self Realization', 'Somatic Healing', 'SoulCycle', 'Swimming']","['Ashtanga Community', 'Bhakti Marga', 'Local Church Community', 'Meditation Sangha', 'SoulCycle Community']",2024-08-11
U003,"Boston, MA",26,Male,"['Catholic Church', 'Mantra Meditation', 'Meditation', 'Mystical Experiences', 'Pilates']","['Local Church Community', 'Pilates Studio', 'Wellness Meetup', 'Zen Community']",2026-03-17
U004,"San Francisco, CA",27,Female,"['Ashtanga Yoga', 'Fasting', 'Meditation', 'Mystical Experiences', 'Qi Gong', 'Self Realization', 'SolidCore', 'Worship', 'Yoga Nidra']","['Ashtanga Community', 'Meditation Sangha', 'Online Spiritual Community', 'Yoga Studio Community']",2024-04-30
U005,"New York, NY",33,Female,"['Ashtanga Yoga', 'Catholic Church', 'Devotional Music', 'Kundalini Yoga', 'Qi Gong', 'Reflexology', 'Religious Teachings', 'Scriptural Study', 'SoulCycle', 'Volunteering']","['Ashtanga Community', 'Community Service Group', 'Kundalini Collective', 'Local Church Community', 'None yet', 'SoulCycle Community', 'Spiritual Book Club']",2024-10-02
U006,"Austin, TX",28,Non-binary,"['Art of Living', 'Boxing', 'Brahma Kumaris', 'Hot Yoga', 'Mystical Experiences', 'SolidCore', 'Volunteering']","['Art of Living', 'Brahma Kumaris', 'Community Service Group', 'CorePower Yoga']",2024-09-14
U007,"San Francisco, CA",50,Non-binary,"['Ashtanga Yoga', 'Breathwork', 'Chinmaya Mission', 'Devotional Music', 'Kirtan', 'Sleep Optimization']","['Ashtanga Community', 'Chinmaya Mission', 'Kirtan Circle', 'None yet', 'Wellness Meetup']",2024-07-19
U008,"Miami, FL",24,Female,"['Spiritual Talks', 'Vipassana', 'Vision Boarding', 'Zen Buddhism']",['Vipassana Group'],2025-08-31
U009,"New York, NY",31,Male,"['Chinmaya Mission', 'HIIT Training', 'Kundalini Yoga', 'Reiki', 'Scriptural Study']","['Chinmaya Mission', 'Energy Healing Circle', 'Kundalini Collective', 'Online Spiritual Community', 'Spiritual Book Club']",2024-10-04
U010,"Miami, FL",39,Male,"['Ashrams', 'HIIT Training', 'Mental Toughness', 'Pranayama', 'SolidCore', 'Tai Chi', 'Walking Meditation']",['Retreat Alumni Group'],2024-01-17
U011,"Seattle, WA",50,Female,"['Book Club', 'Chinmaya Mission', 'Conscious Parenting', 'Group Therapy', 'Individual Therapy', 'Vipassana']","['Chinmaya Mission', 'Vipassana Group']",2025-06-09
U012,"Seattle, WA",27,Male,"['Art of Living', 'Bhakti', 'Book Club', 'Forgiveness', 'Spiritual Talks']","['Art of Living', 'Bhakti Marga', 'None yet']",2025-02-11
U013,"Boston, MA",51,Male,"['Book Club', 'Boxing', 'Hot Yoga', 'Individual Therapy', 'Mantra Meditation', 'Scriptural Study', 'Selfless Service', 'Somatic Healing']","['CorePower Yoga', 'None yet', 'Spiritual Book Club']",2024-05-26
U014,"San Francisco, CA",34,Non-binary,"['Ashtanga Yoga', 'Breathwork', 'Journaling', 'Kindness Practice', 'Kirtan', 'Sound Meditation']","['Ashtanga Community', 'Breathwork Collective', 'Community Yoga Group', 'Kirtan Circle']",2026-03-07
U015,"Hoboken, NJ",46,Male,"['Somatic Healing', 'Sound Meditation', 'Strength Training']",['None yet'],2024-09-18
U016,"New York, NY",37,Female,"['Conscious Parenting', 'Hatha Yoga', 'Scriptural Study', 'Selfless Service', 'Swimming', 'Tai Chi', 'Vinyasa Yoga', 'Worship']","['Sky Ting Yoga', 'Spiritual Book Club']",2024-02-27
U017,"Austin, TX",54,Non-binary,"['Catholic Church', 'Group Therapy', 'SolidCore', 'Vinyasa Yoga', 'Vipassana', 'Walking Meditation']","['Community Yoga Group', 'Local Church Community', 'Sky Ting Yoga', 'Vipassana Group']",2025-05-06
U018,"Seattle, WA",52,Male,"['Ashtanga Yoga', 'Barry’s', 'Hatha Yoga', 'Kundalini Yoga', 'Religious Teachings', 'Scriptural Study', 'SoulCycle', 'Volunteering']","['Ashtanga Community', 'Barry’s Fitness Group', 'Community Service Group', 'Kundalini Collective', 'Online Spiritual Community', 'SoulCycle Community', 'Spiritual Book Club']",2024-01-29
U019,"Denver, CO",37,Male,"['Bhakti', 'Brahma Kumaris', 'Kundalini Yoga', 'Mantra Meditation', 'Meditation', 'Mystical Experiences', 'Sleep Optimization', 'Somatic Healing']","['Bhakti Center NYC', 'Brahma Kumaris', 'Kundalini Collective', 'Zen Community']",2024-04-26
U020,"Seattle, WA",30,Non-binary,"['Barry’s', 'Book Club', 'Group Therapy', 'Pranayama', 'Reflexology', 'Reiki', 'Silence (Mouna)', 'Sleep Optimization', 'SolidCore', 'Vision Boarding', 'Volunteering', 'Zen Buddhism']","['Barry’s Fitness Group', 'Community Service Group', 'Energy Healing Circle']",2026-04-09
U021,"San Francisco, CA",54,Non-binary,"['Ashtanga Yoga', 'Barry’s', 'Bhakti Marga', 'Boxing', 'Fasting', 'Mantra Meditation', 'Meditation', 'Reiki', 'Sleep Optimization', 'Zen Buddhism']","['Ashtanga Community', 'Barry’s Fitness Group', 'Energy Healing Circle', 'Meditation Sangha', 'None yet']",2025-02-12
U022,"Brooklyn, NY",32,Male,"['Gratitude Circles', 'Life Coaching', 'Nutrition', 'Pilates', 'Tea Meditation', 'Vision Boarding']",['Pilates Studio'],2024-03-12
U023,"Miami, FL",57,Female,"['Boxing', 'Chinmaya Mission', 'Mystical Experiences', 'Somatic Healing', 'Vision Boarding', 'Volunteering', 'Worship']","['Chinmaya Mission', 'Community Service Group']",2026-04-18
U024,"Seattle, WA",54,Non-binary,"['Barre', 'Forgiveness', 'Gratitude Circles', 'Pilates']",['Pilates Studio'],2026-03-21
U025,"Queens, NY",25,Male,"['Ashtanga Yoga', 'Breathwork', 'Mystical Experiences', 'Qi Gong', 'Strength Training', 'Volunteering']","['Ashtanga Community', 'Breathwork Collective', 'Community Service Group']",2025-01-05
U026,"Denver, CO",24,Male,"['Ashtanga Yoga', 'Catholic Church', 'Forgiveness', 'Mystical Experiences', 'Nutrition', 'Pilates', 'Sivananda', 'Vinyasa Yoga']","['Ashtanga Community', 'Local Church Community', 'Pilates Studio', 'Sivananda Center', 'Sky Ting Yoga', 'Wellness Meetup']",2024-05-27
U027,"Brooklyn, NY",40,Male,"['Individual Therapy', 'Mantra Meditation', 'Qi Gong', 'Sleep Optimization', 'Somatic Healing', 'Tai Chi']",['Online Spiritual Community'],2024-10-29
U028,"Boston, MA",30,Female,"['Ashtanga Yoga', 'Ayurveda', 'Fasting', 'Qi Gong', 'Somatic Healing', 'Tai Chi', 'Vinyasa Yoga', 'Yoga Nidra']","['Ashtanga Community', 'Ayurveda Wellness Circle', 'Sky Ting Yoga', 'Yoga Studio Community']",2024-05-14
U029,"San Francisco, CA",33,Non-binary,"['Breathwork', 'Chinmaya Mission', 'Conscious Parenting', 'Individual Therapy', 'Kindness Practice', 'Life Coaching', 'Tea Meditation', 'Vipassana']","['Breathwork Collective', 'Chinmaya Mission', 'Vipassana Group', 'Wellness Meetup']",2023-11-11
U030,"San Francisco, CA",52,Male,"['Book Club', 'Fasting', 'Forgiveness', 'Life Coaching', 'Sivananda', 'Vinyasa Yoga', 'Worship']","['Sivananda Center', 'Sky Ting Yoga']",2025-06-11
U031,"Denver, CO",32,Non-binary,"['Acupuncture', 'Bhakti', 'Bhakti Marga', 'Hot Yoga', 'Swimming']","['Bhakti Marga', 'Community Yoga Group', 'CorePower Yoga']",2024-08-09
U032,"San Francisco, CA",30,Male,"['Book Club', 'Brahma Kumaris', 'Forgiveness', 'Individual Therapy', 'Journaling', 'Meditation', 'Self Realization', 'Sivananda']","['Brahma Kumaris', 'Meditation Sangha', 'Sivananda Center']",2025-07-03
U033,"Los Angeles, CA",53,Male,"['Art of Living', 'Forgiveness', 'Selfless Service', 'Worship']",['Art of Living'],2025-05-28
U034,"Denver, CO",44,Female,"['Kindness Practice', 'Mental Toughness', 'SolidCore']",['Community Yoga Group'],2023-12-22
U035,"New York, NY",46,Male,"['Book Club', 'Individual Therapy', 'Jogging', 'Life Coaching', 'Qi Gong', 'Somatic Healing', 'Sound Meditation', 'Vision Boarding']",['Wellness Meetup'],2024-10-31
U036,"Chicago, IL",28,Male,"['Acupuncture', 'Art of Living', 'Barre', 'Group Therapy', 'Individual Therapy', 'Kundalini Yoga', 'Religious Teachings', 'Sivananda']","['Art of Living', 'Community Yoga Group', 'Kundalini Collective', 'Sivananda Center']",2026-01-12
U037,"Seattle, WA",32,Non-binary,"['Art of Living', 'Ashtanga Yoga', 'Chinmaya Mission', 'Forgiveness', 'Journaling', 'Mental Toughness', 'Sivananda', 'Sleep Optimization', 'Transcendental Meditation']","['Art of Living', 'Ashtanga Community', 'Chinmaya Mission', 'Sivananda Center', 'Wellness Meetup']",2025-07-31
U038,"Los Angeles, CA",50,Male,"['Acupuncture', 'Ashtanga Yoga', 'Barre', 'Breathwork', 'HIIT Training', 'Hatha Yoga']","['Ashtanga Community', 'Breathwork Collective', 'Online Spiritual Community']",2025-12-02
U039,"Jersey City, NJ",44,Female,"['Barre', 'Chinmaya Mission', 'Religious Teachings', 'Vinyasa Yoga']","['Chinmaya Mission', 'Sky Ting Yoga']",2025-07-03
U040,"Portland, OR",49,Male,"['Book Club', 'Breathwork', 'Kindness Practice', 'Mantra Meditation', 'Mental Toughness', 'Qi Gong', 'Vision Boarding', 'Yoga Nidra']","['Breathwork Collective', 'None yet', 'Yoga Studio Community']",2024-01-23
U041,"Miami, FL",48,Non-binary,"['Breathwork', 'Catholic Church', 'Chinmaya Mission', 'Conscious Parenting', 'Mystical Experiences', 'Silence (Mouna)', 'Vipassana']","['Chinmaya Mission', 'Local Church Community', 'Online Spiritual Community', 'Vipassana Group', 'Wellness Meetup']",2025-11-17
U042,"Chicago, IL",29,Non-binary,"['Breathwork', 'Chinmaya Mission', 'Fasting', 'Individual Therapy', 'SolidCore', 'SoulCycle', 'Tea Meditation', 'Yoga Nidra']","['Breathwork Collective', 'Chinmaya Mission', 'SoulCycle Community', 'Yoga Studio Community']",2024-08-15
U043,"Chicago, IL",39,Non-binary,"['Dancing', 'HIIT Training', 'Hatha Yoga', 'Pranayama', 'SoulCycle', 'Tai Chi']","['Community Yoga Group', 'SoulCycle Community']",2025-11-24
U044,"Hoboken, NJ",34,Male,"['Dancing', 'Hiking', 'Journaling', 'Strength Training']","['None yet', 'Online Spiritual Community']",2024-12-08
U045,"Denver, CO",42,Female,"['Bhakti Marga', 'Book Club', 'Catholic Church', 'Kindness Practice', 'Scriptural Study', 'Somatic Healing']","['Local Church Community', 'Spiritual Book Club']",2025-05-08
U046,"Los Angeles, CA",33,Male,"['Dancing', 'Devotional Music', 'Life Coaching', 'Religious Teachings', 'Silence (Mouna)', 'Sivananda', 'Vipassana']","['Sivananda Center', 'Vipassana Group', 'Wellness Meetup']",2025-02-25
U047,"Denver, CO",22,Male,"['Cycling', 'Individual Therapy', 'Scriptural Study', 'Vision Boarding']","['Community Yoga Group', 'Spiritual Book Club']",2024-06-10
U048,"San Francisco, CA",41,Non-binary,"['Acupuncture', 'Gratitude Circles', 'Hatha Yoga', 'Life Coaching', 'Pranayama', 'Selfless Service', 'Silence (Mouna)', 'Walking Meditation', 'Zen Buddhism']",['None yet'],2024-02-03
U049,"New York, NY",50,Male,"['Forgiveness', 'Hatha Yoga', 'Hot Yoga', 'Jogging', 'Spiritual Talks']",['CorePower Yoga'],2025-10-31
U050,"Queens, NY",56,Female,"['Catholic Church', 'Hatha Yoga', 'Life Coaching', 'Pranayama', 'Scriptural Study', 'Selfless Service']","['Local Church Community', 'Spiritual Book Club']",2026-03-16
U051,"Miami, FL",57,Non-binary,"['HIIT Training', 'Pranayama', 'Qi Gong', 'Swimming']","['None yet', 'Retreat Alumni Group']",2024-12-31
U052,"Queens, NY",39,Male,"['Forgiveness', 'Jogging', 'Kindness Practice', 'Vision Boarding']",['Community Yoga Group'],2025-05-23
U053,"Austin, TX",20,Male,"['Breathwork', 'Fasting', 'Life Coaching', 'Qi Gong', 'Reiki']","['Energy Healing Circle', 'Wellness Meetup']",2025-02-12
U054,"Chicago, IL",25,Male,"['Catholic Church', 'Kundalini Yoga', 'Pranayama', 'Religious Teachings']","['Kundalini Collective', 'Local Church Community', 'Wellness Meetup']",2024-10-03
U055,"Brooklyn, NY",28,Non-binary,"['Art of Living', 'Book Club', 'Somatic Healing', 'Tea Meditation', 'Yoga Nidra']","['Art of Living', 'Wellness Meetup', 'Yoga Studio Community']",2026-03-07
U056,"Los Angeles, CA",47,Non-binary,"['Bhakti', 'Book Club', 'Kindness Practice', 'Strength Training']",['Bhakti Center NYC'],2025-12-25
U057,"Los Angeles, CA",35,Non-binary,"['Art of Living', 'Chinmaya Mission', 'Kindness Practice', 'Religious Teachings', 'Scriptural Study']","['Art of Living', 'Chinmaya Mission', 'Community Yoga Group', 'Spiritual Book Club']",2025-08-28
U058,"Chicago, IL",52,Female,"['Art of Living', 'Forgiveness', 'Kirtan', 'Life Coaching', 'Mystical Experiences', 'Nutrition', 'Reflexology', 'Selfless Service', 'Strength Training']","['Art of Living', 'Kirtan Circle']",2023-11-28
U059,"Hoboken, NJ",56,Non-binary,"['Ayurveda', 'Book Club', 'Breathwork', 'Group Therapy', 'HIIT Training', 'Kundalini Yoga', 'Vipassana', 'Vision Boarding']","['Ayurveda Wellness Circle', 'Kundalini Collective', 'Vipassana Group', 'Wellness Meetup']",2024-03-05
U060,"Boston, MA",55,Female,"['Catholic Church', 'Devotional Music', 'Individual Therapy', 'Mystical Experiences']","['Local Church Community', 'Retreat Alumni Group']",2026-01-10
U061,"San Francisco, CA",31,Male,"['Art of Living', 'Forgiveness', 'Hatha Yoga', 'Meditation', 'Qi Gong', 'Self Realization', 'Somatic Healing', 'Tai Chi']","['Art of Living', 'Community Yoga Group', 'Zen Community']",2023-12-25
U062,"Brooklyn, NY",53,Male,"['Ayurveda', 'Kindness Practice', 'Kundalini Yoga', 'Mantra Meditation', 'Mental Toughness', 'Pranayama', 'Strength Training', 'Vision Boarding', 'Walking Meditation']","['Ayurveda Wellness Circle', 'Kundalini Collective']",2024-09-24
U063,"Hoboken, NJ",27,Male,"['Book Club', 'Mental Toughness', 'Spiritual Talks', 'Tea Meditation', 'Yoga Nidra']",['Yoga Studio Community'],2024-12-11
U064,"Miami, FL",43,Non-binary,"['Fasting', 'Forgiveness', 'HIIT Training', 'Hot Yoga', 'Selfless Service', 'Volunteering']","['Community Service Group', 'CorePower Yoga', 'Online Spiritual Community']",2025-06-03
U065,"Hoboken, NJ",39,Female,"['Ashrams', 'Barry’s', 'Bhakti', 'Hiking', 'Strength Training', 'Worship']","['Barry’s Fitness Group', 'Bhakti Center NYC', 'Online Spiritual Community']",2026-02-13
U066,"Hoboken, NJ",32,Male,"['Hiking', 'Mystical Experiences', 'Reiki', 'Selfless Service', 'Walking Meditation', 'Worship']","['Community Yoga Group', 'Energy Healing Circle']",2025-02-26
U067,"Portland, OR",40,Male,"['Ashtanga Yoga', 'Chinmaya Mission', 'Self Realization', 'Sleep Optimization', 'Tai Chi', 'Worship']","['Ashtanga Community', 'Chinmaya Mission', 'Online Spiritual Community']",2024-12-30
U068,"Hoboken, NJ",52,Non-binary,"['Ashtanga Yoga', 'Chinmaya Mission', 'Devotional Music', 'Qi Gong']","['Ashtanga Community', 'Chinmaya Mission', 'None yet']",2026-04-24
U069,"Queens, NY",25,Male,"['Devotional Music', 'Pranayama', 'Sivananda']",['Sivananda Center'],2025-04-24
U070,"San Francisco, CA",56,Female,"['Acupuncture', 'Art of Living', 'Barry’s', 'Reflexology']","['Art of Living', 'Barry’s Fitness Group']",2024-05-13
U071,"New York, NY",49,Non-binary,"['Qi Gong', 'Silence (Mouna)', 'Sleep Optimization', 'Tai Chi']",['Online Spiritual Community'],2024-01-01
U072,"Seattle, WA",53,Non-binary,"['Jogging', 'Journaling', 'Sound Meditation', 'Walking Meditation', 'Zen Buddhism']","['None yet', 'Retreat Alumni Group']",2024-02-23
U073,"Boston, MA",23,Non-binary,"['Ashtanga Yoga', 'Kirtan', 'Mental Toughness', 'Selfless Service', 'Sleep Optimization', 'Somatic Healing', 'Sound Meditation', 'Spiritual Talks', 'Volunteering']","['Ashtanga Community', 'Community Service Group', 'Kirtan Circle', 'Wellness Meetup']",2025-07-16
U074,"Denver, CO",35,Non-binary,"['Book Club', 'Devotional Music', 'Journaling', 'Mental Toughness', 'Scriptural Study', 'Zen Buddhism']","['Online Spiritual Community', 'Spiritual Book Club']",2023-12-14
U075,"Los Angeles, CA",46,Male,"['Devotional Music', 'Journaling', 'Life Coaching', 'Reiki', 'Religious Teachings', 'Tai Chi', 'Worship']",['Energy Healing Circle'],2025-10-21
U076,"New York, NY",35,Male,"['Breathwork', 'Forgiveness', 'Hatha Yoga', 'Scriptural Study', 'Sleep Optimization']","['Breathwork Collective', 'Community Yoga Group', 'Spiritual Book Club']",2025-02-26
U077,"Austin, TX",25,Female,"['Barre', 'Bhakti Marga', 'Hot Yoga', 'Reflexology', 'Self Realization', 'Tea Meditation']","['CorePower Yoga', 'None yet']",2024-06-11
U078,"Portland, OR",45,Female,"['Breathwork', 'Life Coaching', 'Pranayama', 'Spiritual Talks', 'Tai Chi', 'Vision Boarding']",['Wellness Meetup'],2024-06-08
U079,"Austin, TX",39,Male,"['Barre', 'Individual Therapy', 'Kundalini Yoga', 'Somatic Healing', 'Vipassana']","['Kundalini Collective', 'Vipassana Group']",2025-09-26
U080,"Los Angeles, CA",37,Non-binary,"['Book Club', 'Kindness Practice', 'Pranayama', 'Spiritual Talks']",['Wellness Meetup'],2025-11-29
U081,"Miami, FL",43,Female,"['Chinmaya Mission', 'Conscious Parenting', 'Kirtan', 'Vipassana', 'Worship']","['Chinmaya Mission', 'Kirtan Circle', 'Vipassana Group']",2026-03-08
U082,"Hoboken, NJ",29,Non-binary,"['Ashtanga Yoga', 'Fasting', 'Forgiveness', 'Jogging', 'Reflexology', 'Reiki', 'Selfless Service', 'Tai Chi']","['Ashtanga Community', 'Energy Healing Circle', 'Online Spiritual Community']",2025-01-08
U083,"Jersey City, NJ",54,Non-binary,"['Bhakti Marga', 'Gratitude Circles', 'Kundalini Yoga', 'Mystical Experiences', 'Qi Gong', 'Reiki', 'Worship']","['Energy Healing Circle', 'Kundalini Collective', 'None yet']",2026-04-05
U084,"Seattle, WA",50,Non-binary,"['Ashtanga Yoga', 'Breathwork', 'Chinmaya Mission', 'Jogging']","['Ashtanga Community', 'Chinmaya Mission', 'Wellness Meetup']",2024-06-09
U085,"Austin, TX",37,Female,"['Conscious Parenting', 'Fasting', 'Individual Therapy', 'Mantra Meditation', 'Reiki', 'Selfless Service', 'Sound Meditation', 'Strength Training', 'Tai Chi']",['Energy Healing Circle'],2024-05-25
U086,"Boston, MA",36,Non-binary,"['Ashtanga Yoga', 'Breathwork', 'Qi Gong', 'Silence (Mouna)', 'Tea Meditation', 'Vision Boarding']","['Ashtanga Community', 'Breathwork Collective']",2024-03-03
U087,"Brooklyn, NY",21,Female,"['Breathwork', 'Fasting', 'Pranayama', 'Selfless Service', 'Spiritual Talks']","['Community Yoga Group', 'Wellness Meetup']",2025-06-02
U088,"Seattle, WA",23,Non-binary,"['Breathwork', 'Chinmaya Mission', 'Kirtan', 'Mental Toughness', 'Self Realization', 'Tai Chi', 'Tea Meditation']","['Chinmaya Mission', 'Kirtan Circle', 'Online Spiritual Community', 'Wellness Meetup']",2026-04-19
U089,"Queens, NY",58,Female,"['Ashrams', 'Boxing', 'Forgiveness', 'Walking Meditation', 'Worship']","['Community Yoga Group', 'Retreat Alumni Group']",2024-06-28
U090,"Hoboken, NJ",45,Non-binary,"['Barry’s', 'Bhakti', 'Conscious Parenting', 'Forgiveness', 'Group Therapy', 'HIIT Training', 'Individual Therapy', 'Self Realization', 'Selfless Service', 'Walking Meditation']","['Barry’s Fitness Group', 'Bhakti Center NYC']",2024-04-12
U091,"Hoboken, NJ",43,Male,"['Conscious Parenting', 'Forgiveness', 'Journaling', 'Mystical Experiences', 'Religious Teachings', 'Transcendental Meditation']",['Retreat Alumni Group'],2025-11-25
U092,"Austin, TX",52,Non-binary,"['Brahma Kumaris', 'Reflexology']","['Brahma Kumaris', 'None yet']",2026-04-06
U093,"Los Angeles, CA",33,Non-binary,"['Acupuncture', 'Barre', 'Breathwork', 'Fasting', 'Forgiveness', 'Hatha Yoga', 'Kindness Practice']",['Breathwork Collective'],2025-01-04
U094,"San Francisco, CA",36,Non-binary,"['Boxing', 'Cycling', 'Forgiveness', 'Journaling', 'Kundalini Yoga', 'Life Coaching', 'Selfless Service', 'Sound Meditation', 'Transcendental Meditation', 'Walking Meditation']","['Kundalini Collective', 'Retreat Alumni Group']",2023-12-20
U095,"Denver, CO",27,Male,"['Bhakti Marga', 'Chinmaya Mission', 'Reflexology']",['Chinmaya Mission'],2026-03-02
U096,"Jersey City, NJ",29,Male,"['Art of Living', 'Barry’s', 'Devotional Music', 'Fasting', 'Kundalini Yoga', 'Religious Teachings', 'Selfless Service', 'Vinyasa Yoga', 'Vision Boarding']","['Art of Living', 'Barry’s Fitness Group', 'Kundalini Collective', 'Yoga Studio Community']",2024-04-04
U097,"Hoboken, NJ",43,Non-binary,"['Acupuncture', 'Fasting', 'Hiking', 'Transcendental Meditation', 'Vision Boarding', 'Yoga Nidra']",['Yoga Studio Community'],2024-04-04
U098,"Denver, CO",32,Male,"['Boxing', 'Cycling', 'HIIT Training', 'Somatic Healing', 'Vipassana']","['Community Yoga Group', 'Vipassana Group']",2026-02-04
U099,"Queens, NY",54,Female,"['Bhakti', 'Brahma Kumaris', 'Chinmaya Mission', 'Selfless Service', 'Swimming', 'Tai Chi', 'Volunteering']","['Bhakti Center NYC', 'Brahma Kumaris', 'Chinmaya Mission', 'Community Service Group']",2024-09-13
U100,"New York, NY",53,Male,"['Conscious Parenting', 'Kirtan']",['Kirtan Circle'],2025-11-23
U101,"Boston, MA",29,Female,"['Bhakti', 'Book Club', 'Kindness Practice', 'Mental Toughness', 'Sound Meditation', 'Tea Meditation', 'Vision Boarding']","['Bhakti Marga', 'Community Yoga Group']",2025-04-02
U102,"Miami, FL",31,Female,"['Ashtanga Yoga', 'Book Club', 'Breathwork', 'Silence (Mouna)', 'Sivananda', 'Sound Meditation', 'Spiritual Talks']","['Ashtanga Community', 'Breathwork Collective', 'Sivananda Center']",2024-04-30
U103,"San Francisco, CA",26,Male,"['Ayurveda', 'Bhakti', 'Bhakti Marga', 'Cycling', 'Sleep Optimization', 'Tai Chi']","['Ayurveda Wellness Circle', 'Bhakti Center NYC']",2024-09-24
U104,"San Francisco, CA",31,Male,"['Ashrams', 'Mystical Experiences', 'Religious Teachings', 'Walking Meditation']",['Wellness Meetup'],2024-09-25
U105,"Boston, MA",42,Male,"['Fasting', 'Group Therapy', 'Jogging', 'Vinyasa Yoga']",['Yoga Studio Community'],2025-06-04
U106,"San Francisco, CA",58,Non-binary,"['Dancing', 'Forgiveness', 'Swimming', 'Volunteering']",['Community Service Group'],2023-12-03
U107,"New York, NY",28,Male,"['Ashrams', 'Ashtanga Yoga', 'Barry’s', 'Breathwork', 'Conscious Parenting', 'Fasting', 'Life Coaching', 'Mystical Experiences', 'Scriptural Study', 'Sleep Optimization', 'Worship']","['Ashtanga Community', 'Barry’s Fitness Group', 'Breathwork Collective', 'Spiritual Book Club']",2026-01-25
U108,"Los Angeles, CA",36,Non-binary,"['Devotional Music', 'Group Therapy', 'Self Realization']",['Community Yoga Group'],2025-05-03
U109,"Chicago, IL",48,Male,"['Qi Gong', 'Selfless Service', 'Volunteering']","['Community Service Group', 'Online Spiritual Community']",2026-03-25
U110,"Los Angeles, CA",22,Male,"['Catholic Church', 'Cycling', 'Strength Training']",['Local Church Community'],2024-02-29
U111,"Chicago, IL",47,Male,"['Nutrition', 'Reiki', 'Sleep Optimization', 'SolidCore', 'Tai Chi', 'Vinyasa Yoga', 'Volunteering']","['Community Service Group', 'Energy Healing Circle', 'Yoga Studio Community']",2024-08-12
U112,"Brooklyn, NY",36,Male,"['Acupuncture', 'Catholic Church', 'Hatha Yoga', 'Meditation', 'Mental Toughness', 'Somatic Healing']","['Local Church Community', 'Wellness Meetup', 'Zen Community']",2025-10-09
U113,"Jersey City, NJ",47,Male,"['Sivananda', 'Transcendental Meditation', 'Vipassana']","['Sivananda Center', 'Vipassana Group']",2025-04-02
U114,"Portland, OR",38,Female,"['Dancing', 'Hot Yoga', 'Mantra Meditation', 'Silence (Mouna)', 'Sound Meditation', 'Walking Meditation']","['CorePower Yoga', 'Online Spiritual Community']",2024-12-01
U115,"Boston, MA",48,Non-binary,"['Book Club', 'Breathwork', 'Conscious Parenting', 'Pranayama']",['Wellness Meetup'],2025-09-19
U116,"Brooklyn, NY",49,Female,"['Acupuncture', 'Catholic Church', 'Dancing', 'Journaling', 'Mantra Meditation', 'Pranayama', 'Self Realization', 'Zen Buddhism']",['Local Church Community'],2023-11-17
U117,"Chicago, IL",40,Male,"['Ashrams', 'Hiking', 'SolidCore', 'Walking Meditation', 'Yoga Nidra']",['Yoga Studio Community'],2023-11-22
U118,"Los Angeles, CA",29,Non-binary,"['Ashtanga Yoga', 'Book Club', 'Kundalini Yoga', 'Mental Toughness', 'Scriptural Study', 'Somatic Healing', 'Spiritual Talks', 'Transcendental Meditation']","['Ashtanga Community', 'Kundalini Collective', 'None yet', 'Spiritual Book Club']",2026-01-14
U119,"Denver, CO",26,Male,"['Ayurveda', 'Conscious Parenting', 'Meditation', 'Qi Gong', 'Scriptural Study', 'Sleep Optimization', 'Vipassana']","['Ayurveda Wellness Circle', 'Meditation Sangha', 'Spiritual Book Club', 'Vipassana Group']",2025-04-05
U120,"Brooklyn, NY",49,Female,"['Ashrams', 'Barry’s', 'Bhakti', 'Mental Toughness', 'Reiki']","['Barry’s Fitness Group', 'Bhakti Center NYC', 'Energy Healing Circle']",2025-04-21
U121,"Miami, FL",44,Female,"['Scriptural Study', 'Strength Training', 'Volunteering']","['Community Service Group', 'Spiritual Book Club']",2025-03-20
U122,"Austin, TX",33,Non-binary,"['Acupuncture', 'Hatha Yoga', 'Kundalini Yoga', 'Qi Gong', 'Self Realization', 'Worship']",['Kundalini Collective'],2025-03-27
U123,"Brooklyn, NY",47,Male,"['Selfless Service', 'Spiritual Talks', 'Yoga Nidra']","['Online Spiritual Community', 'Yoga Studio Community']",2024-10-07
U124,"Miami, FL",43,Female,"['Ashtanga Yoga', 'Bhakti Marga', 'Cycling', 'Jogging', 'Mystical Experiences', 'Pilates', 'Qi Gong']","['Ashtanga Community', 'Pilates Studio']",2024-06-23
U125,"Portland, OR",39,Female,"['Art of Living', 'Ayurveda', 'Barre', 'Mental Toughness', 'Religious Teachings', 'Scriptural Study', 'Transcendental Meditation', 'Yoga Nidra']","['Art of Living', 'Ayurveda Wellness Circle', 'Community Yoga Group', 'Spiritual Book Club', 'Yoga Studio Community']",2023-12-25
U126,"Jersey City, NJ",56,Non-binary,"['Breathwork', 'Kundalini Yoga', 'Mantra Meditation', 'Pranayama', 'Tea Meditation']","['Breathwork Collective', 'Kundalini Collective', 'Retreat Alumni Group']",2026-03-01
U127,"Austin, TX",23,Male,"['Gratitude Circles', 'Kundalini Yoga', 'Pranayama', 'Reflexology', 'Tai Chi']",['Kundalini Collective'],2024-10-14
U128,"Denver, CO",48,Non-binary,"['Catholic Church', 'Dancing', 'Devotional Music', 'Hatha Yoga', 'Kundalini Yoga', 'Nutrition', 'Qi Gong', 'Religious Teachings', 'Somatic Healing', 'Walking Meditation']","['Kundalini Collective', 'Local Church Community']",2025-11-22
U129,"Queens, NY",27,Female,"['Bhakti Marga', 'Conscious Parenting', 'Fasting', 'Forgiveness', 'Qi Gong', 'Reflexology', 'Self Realization', 'Sivananda', 'Strength Training']",['Sivananda Center'],2023-12-03
U130,"Denver, CO",57,Male,"['Gratitude Circles', 'Group Therapy', 'Kindness Practice', 'Kundalini Yoga', 'Reiki', 'Spiritual Talks', 'Tai Chi', 'Vipassana', 'Vision Boarding']","['Energy Healing Circle', 'Kundalini Collective', 'Vipassana Group']",2025-08-29
U131,"Miami, FL",51,Female,"['Ashrams', 'Breathwork', 'Chinmaya Mission', 'Conscious Parenting', 'Devotional Music', 'Qi Gong', 'Spiritual Talks', 'Vision Boarding']","['Chinmaya Mission', 'Wellness Meetup']",2025-06-11
U132,"Chicago, IL",31,Male,"['Dancing', 'HIIT Training', 'Tea Meditation', 'Transcendental Meditation', 'Vinyasa Yoga']","['Wellness Meetup', 'Yoga Studio Community']",2024-06-24
U133,"Boston, MA",30,Non-binary,"['Ayurveda', 'Bhakti Marga', 'Devotional Music', 'Worship']","['Ayurveda Wellness Circle', 'Retreat Alumni Group']",2025-01-31
U134,"Queens, NY",32,Non-binary,"['Barry’s', 'Book Club', 'Conscious Parenting', 'Spiritual Talks', 'Transcendental Meditation']",['Barry’s Fitness Group'],2024-11-12
U135,"Jersey City, NJ",55,Female,"['Boxing', 'Cycling', 'Gratitude Circles', 'Group Therapy', 'Hatha Yoga', 'Kirtan', 'Pranayama', 'Self Realization', 'Silence (Mouna)', 'Sleep Optimization']",['Bhakti Center NYC'],2024-08-06
U136,"Portland, OR",54,Female,"['Brahma Kumaris', 'Gratitude Circles', 'Tea Meditation', 'Vipassana']","['Brahma Kumaris', 'Vipassana Group']",2025-09-06
U137,"Jersey City, NJ",56,Non-binary,"['Breathwork', 'Catholic Church', 'Individual Therapy', 'Mystical Experiences', 'Pilates', 'Reiki', 'Transcendental Meditation', 'Vinyasa Yoga', 'Zen Buddhism']","['Energy Healing Circle', 'Local Church Community', 'Pilates Studio', 'Sky Ting Yoga', 'Wellness Meetup']",2024-02-13
U138,"Chicago, IL",24,Male,"['Gratitude Circles', 'Hatha Yoga', 'Hiking', 'Individual Therapy', 'Jogging', 'Life Coaching', 'Qi Gong', 'Spiritual Talks', 'Tai Chi', 'Zen Buddhism']",['None yet'],2024-01-28
U139,"Jersey City, NJ",41,Female,"['Barry’s', 'Book Club', 'Boxing', 'Devotional Music', 'Self Realization', 'Somatic Healing', 'Vipassana', 'Walking Meditation', 'Worship']","['Barry’s Fitness Group', 'Vipassana Group']",2026-04-12
U140,"Queens, NY",22,Female,"['Conscious Parenting', 'Life Coaching', 'Pilates', 'Vision Boarding']","['Community Yoga Group', 'Pilates Studio']",2023-11-25
U141,"Hoboken, NJ",45,Female,"['Barre', 'Catholic Church', 'Hatha Yoga', 'Pilates', 'Qi Gong', 'SoulCycle', 'Tai Chi']","['Local Church Community', 'Online Spiritual Community', 'Pilates Studio', 'SoulCycle Community']",2023-11-16
U142,"Austin, TX",35,Male,"['Ayurveda', 'Group Therapy', 'Pilates', 'Yoga Nidra', 'Zen Buddhism']","['Ayurveda Wellness Circle', 'Online Spiritual Community', 'Pilates Studio', 'Yoga Studio Community']",2025-03-05
U143,"New York, NY",31,Male,"['Journaling', 'Pranayama', 'Reiki', 'Sleep Optimization']","['Energy Healing Circle', 'None yet']",2024-10-03
U144,"Los Angeles, CA",42,Female,"['Scriptural Study', 'Sleep Optimization', 'Swimming', 'Vipassana', 'Zen Buddhism']","['Spiritual Book Club', 'Vipassana Group']",2025-01-03
U145,"Brooklyn, NY",47,Female,"['Gratitude Circles', 'Meditation', 'Qi Gong', 'Religious Teachings', 'Sleep Optimization', 'Walking Meditation']","['Meditation Sangha', 'Retreat Alumni Group']",2026-04-18
U146,"Hoboken, NJ",28,Non-binary,"['Bhakti', 'Hatha Yoga', 'Individual Therapy', 'Kirtan', 'Mystical Experiences']","['Bhakti Center NYC', 'Wellness Meetup']",2024-08-06
U147,"Boston, MA",27,Male,"['Ayurveda', 'Breathwork', 'Hatha Yoga', 'Jogging', 'Strength Training']","['Ayurveda Wellness Circle', 'Wellness Meetup']",2024-01-23
U148,"Austin, TX",42,Non-binary,"['Art of Living', 'Catholic Church', 'Hatha Yoga', 'Qi Gong', 'Selfless Service', 'Sleep Optimization', 'SolidCore', 'SoulCycle']","['Art of Living', 'Local Church Community', 'Online Spiritual Community', 'SoulCycle Community']",2025-09-25
U149,"San Francisco, CA",33,Female,"['Devotional Music', 'Life Coaching', 'Scriptural Study', 'Selfless Service']","['Online Spiritual Community', 'Spiritual Book Club']",2025-07-19
U150,"Jersey City, NJ",40,Female,"['Art of Living', 'Boxing', 'Brahma Kumaris', 'Conscious Parenting', 'Cycling', 'Group Therapy', 'Scriptural Study', 'Somatic Healing', 'Yoga Nidra']","['Art of Living', 'Brahma Kumaris', 'Spiritual Book Club', 'Yoga Studio Community']",2025-02-14
U151,"Miami, FL",40,Female,"['Barry’s', 'Cycling', 'Journaling', 'Mental Toughness', 'Reflexology', 'Silence (Mouna)', 'Vision Boarding']","['Barry’s Fitness Group', 'Community Yoga Group']",2024-08-17
U152,"Seattle, WA",56,Male,"['Bhakti', 'Gratitude Circles', 'Hatha Yoga', 'Kundalini Yoga', 'Mental Toughness', 'Pilates', 'Reiki', 'Religious Teachings', 'Sivananda', 'Strength Training', 'Walking Meditation']","['Bhakti Center NYC', 'Energy Healing Circle', 'Kundalini Collective', 'Pilates Studio', 'Retreat Alumni Group', 'Sivananda Center']",2023-11-28
U153,"Hoboken, NJ",52,Female,"['Acupuncture', 'Fasting', 'Jogging', 'Volunteering', 'Worship']","['Community Service Group', 'Wellness Meetup']",2024-01-14
U154,"Seattle, WA",28,Non-binary,"['Ashrams', 'Ashtanga Yoga', 'Brahma Kumaris', 'Forgiveness', 'Sleep Optimization', 'Spiritual Talks', 'Worship']","['Ashtanga Community', 'Brahma Kumaris']",2026-01-29
U155,"Seattle, WA",41,Male,"['Forgiveness', 'Hot Yoga', 'Jogging']",['CorePower Yoga'],2025-08-21
U156,"Boston, MA",36,Non-binary,"['Acupuncture', 'Cycling', 'Kundalini Yoga', 'Pranayama']",['Kundalini Collective'],2025-09-16
U157,"Hoboken, NJ",44,Non-binary,"['Ashrams', 'Scriptural Study', 'Selfless Service', 'Sivananda']","['Retreat Alumni Group', 'Sivananda Center', 'Spiritual Book Club']",2025-03-26
U158,"New York, NY",37,Non-binary,"['Acupuncture', 'Cycling', 'Hatha Yoga', 'Kundalini Yoga', 'Sleep Optimization']","['Kundalini Collective', 'Wellness Meetup']",2023-11-28
U159,"Austin, TX",24,Female,"['Mystical Experiences', 'Sleep Optimization', 'Sound Meditation']",['Wellness Meetup'],2025-05-02
U160,"Los Angeles, CA",45,Female,"['Conscious Parenting', 'Kundalini Yoga', 'Volunteering']","['Community Service Group', 'Kundalini Collective']",2024-08-29
U161,"Chicago, IL",46,Female,"['Book Club', 'Catholic Church', 'Dancing', 'Kundalini Yoga', 'Pranayama', 'Reiki', 'Spiritual Talks', 'Walking Meditation']","['Energy Healing Circle', 'Kundalini Collective', 'Local Church Community']",2023-12-29
U162,"Hoboken, NJ",36,Female,"['Bhakti', 'Brahma Kumaris', 'Breathwork', 'Chinmaya Mission', 'Kundalini Yoga', 'Meditation', 'Pranayama', 'Tea Meditation', 'Vision Boarding']","['Bhakti Center NYC', 'Brahma Kumaris', 'Chinmaya Mission', 'Kundalini Collective', 'Meditation Sangha', 'Wellness Meetup']",2025-03-25
U163,"San Francisco, CA",24,Non-binary,"['Boxing', 'Fasting', 'Kundalini Yoga', 'Life Coaching', 'Mental Toughness', 'Reiki', 'Spiritual Talks', 'Tai Chi', 'Volunteering']","['Community Service Group', 'Energy Healing Circle', 'Kundalini Collective', 'Retreat Alumni Group']",2026-03-22
U164,"New York, NY",25,Non-binary,"['Acupuncture', 'Art of Living', 'Bhakti Marga', 'Fasting', 'Gratitude Circles', 'Religious Teachings', 'Scriptural Study', 'Selfless Service', 'Vinyasa Yoga']","['Art of Living', 'Online Spiritual Community', 'Sky Ting Yoga', 'Spiritual Book Club']",2024-05-28
U165,"Seattle, WA",44,Non-binary,"['Barry’s', 'Individual Therapy', 'Kindness Practice', 'Mantra Meditation', 'Scriptural Study', 'Selfless Service', 'Somatic Healing', 'Swimming', 'Walking Meditation']","['Barry’s Fitness Group', 'Spiritual Book Club']",2024-08-30
U166,"Chicago, IL",57,Non-binary,"['Book Club', 'Kirtan', 'Sivananda', 'Volunteering']","['Bhakti Center NYC', 'Community Service Group', 'Sivananda Center']",2024-10-18
U167,"Boston, MA",23,Female,"['Ashrams', 'Bhakti', 'Gratitude Circles', 'Reflexology', 'Religious Teachings', 'Transcendental Meditation', 'Vinyasa Yoga']","['Bhakti Marga', 'Sky Ting Yoga']",2025-10-30
U168,"Denver, CO",52,Female,"['Bhakti Marga', 'Brahma Kumaris', 'Breathwork', 'Group Therapy', 'Religious Teachings', 'Scriptural Study', 'Sound Meditation']","['Brahma Kumaris', 'Online Spiritual Community', 'Spiritual Book Club', 'Wellness Meetup']",2025-09-10
U169,"New York, NY",38,Male,"['Art of Living', 'Ashrams', 'Bhakti Marga', 'Forgiveness', 'Mantra Meditation', 'Scriptural Study', 'Vision Boarding']","['Art of Living', 'Community Yoga Group', 'Spiritual Book Club']",2025-05-13
U170,"Jersey City, NJ",35,Female,"['Ayurveda', 'Barre', 'Catholic Church', 'Fasting', 'Hatha Yoga', 'Meditation', 'Pranayama', 'Reiki', 'Silence (Mouna)', 'Zen Buddhism']","['Ayurveda Wellness Circle', 'Energy Healing Circle', 'Local Church Community', 'Meditation Sangha']",2023-11-28
U171,"Los Angeles, CA",33,Male,"['Barre', 'Brahma Kumaris', 'Chinmaya Mission', 'Gratitude Circles', 'Mystical Experiences', 'Sound Meditation', 'Tai Chi', 'Yoga Nidra']","['Brahma Kumaris', 'Chinmaya Mission', 'Yoga Studio Community']",2026-01-16
U172,"Boston, MA",42,Female,"['Ashrams', 'Catholic Church', 'Conscious Parenting', 'Cycling', 'Life Coaching', 'Mental Toughness', 'Mystical Experiences', 'SolidCore', 'Vipassana', 'Vision Boarding', 'Yoga Nidra']","['Local Church Community', 'Retreat Alumni Group', 'Vipassana Group', 'Yoga Studio Community']",2025-03-19
U173,"Denver, CO",26,Male,"['Art of Living', 'Book Club', 'Forgiveness', 'Individual Therapy', 'Kindness Practice', 'Nutrition', 'Somatic Healing']",['Art of Living'],2025-07-22
U174,"Seattle, WA",40,Female,"['Group Therapy', 'Sivananda']",['Sivananda Center'],2024-06-14
U175,"Boston, MA",31,Male,"['Bhakti', 'Hot Yoga', 'Kundalini Yoga', 'Pranayama', 'Silence (Mouna)', 'Sound Meditation']","['Bhakti Center NYC', 'CorePower Yoga', 'Kundalini Collective']",2025-02-23
U176,"Denver, CO",34,Male,"['Bhakti Marga', 'Breathwork', 'Chinmaya Mission', 'Forgiveness', 'Individual Therapy', 'Kirtan', 'Kundalini Yoga', 'Mental Toughness', 'Selfless Service', 'Vision Boarding', 'Zen Buddhism']","['Bhakti Center NYC', 'Breathwork Collective', 'Chinmaya Mission', 'Kundalini Collective', 'Wellness Meetup']",2025-07-28
U177,"Hoboken, NJ",57,Non-binary,"['Forgiveness', 'Group Therapy', 'Journaling', 'Qi Gong', 'Reiki', 'Somatic Healing', 'Spiritual Talks']","['Energy Healing Circle', 'Retreat Alumni Group']",2025-05-01
U178,"Queens, NY",44,Non-binary,"['Bhakti', 'Book Club', 'Brahma Kumaris', 'Conscious Parenting', 'Forgiveness', 'Gratitude Circles', 'Worship']","['Bhakti Center NYC', 'Brahma Kumaris']",2025-01-19
U179,"New York, NY",34,Non-binary,"['Ashrams', 'Hot Yoga', 'Journaling', 'Scriptural Study', 'Spiritual Talks', 'Vinyasa Yoga', 'Walking Meditation', 'Zen Buddhism']","['CorePower Yoga', 'Sky Ting Yoga', 'Spiritual Book Club']",2024-10-07
U180,"Los Angeles, CA",22,Non-binary,"['Cycling', 'Devotional Music', 'Hot Yoga', 'Jogging', 'Kirtan', 'Worship']","['CorePower Yoga', 'Kirtan Circle']",2025-11-27
U181,"Seattle, WA",22,Non-binary,"['Conscious Parenting', 'Life Coaching', 'Mantra Meditation', 'Meditation', 'Mental Toughness']","['Community Yoga Group', 'Zen Community']",2024-12-01
U182,"San Francisco, CA",38,Non-binary,"['Book Club', 'Hot Yoga', 'Pranayama', 'Volunteering', 'Worship']","['Community Service Group', 'CorePower Yoga']",2024-09-23
U183,"New York, NY",43,Non-binary,"['Bhakti Marga', 'Fasting', 'Qi Gong', 'SoulCycle', 'Tai Chi']",['SoulCycle Community'],2024-12-03
U184,"Seattle, WA",56,Non-binary,"['Bhakti Marga', 'Reiki']",['Energy Healing Circle'],2025-03-11
U185,"Los Angeles, CA",24,Female,"['Ashrams', 'Conscious Parenting', 'Kirtan', 'Life Coaching', 'Mental Toughness', 'Scriptural Study', 'Tea Meditation', 'Vinyasa Yoga']","['Bhakti Center NYC', 'Sky Ting Yoga', 'Spiritual Book Club']",2024-07-05
U186,"Hoboken, NJ",24,Non-binary,"['Conscious Parenting', 'Cycling', 'Mantra Meditation', 'Qi Gong', 'Reiki', 'Tai Chi', 'Tea Meditation', 'Vinyasa Yoga']","['Energy Healing Circle', 'None yet', 'Sky Ting Yoga']",2026-01-19
U187,"New York, NY",32,Male,"['Art of Living', 'Bhakti', 'Book Club', 'Forgiveness', 'Kindness Practice', 'Reiki']","['Art of Living', 'Bhakti Marga', 'Community Yoga Group', 'Energy Healing Circle']",2025-09-11
U188,"Jersey City, NJ",39,Male,"['Breathwork', 'Qi Gong', 'Selfless Service', 'Sleep Optimization']",['Breathwork Collective'],2026-01-12
U189,"Boston, MA",58,Non-binary,"['Book Club', 'Conscious Parenting', 'Kindness Practice', 'Pranayama', 'Qi Gong']",['None yet'],2025-06-13
U190,"Denver, CO",23,Male,"['Book Club', 'Hatha Yoga', 'Individual Therapy', 'Pranayama', 'Vision Boarding']","['Community Yoga Group', 'None yet']",2025-07-14
U191,"Hoboken, NJ",44,Non-binary,"['Bhakti Marga', 'Group Therapy', 'Kirtan', 'Pranayama', 'Qi Gong', 'Tai Chi', 'Worship', 'Zen Buddhism']",['Bhakti Center NYC'],2024-02-26
U192,"Miami, FL",34,Male,"['Acupuncture', 'Mantra Meditation', 'Meditation', 'Pilates', 'Tea Meditation', 'Walking Meditation']","['Meditation Sangha', 'Pilates Studio']",2025-09-19
U193,"Queens, NY",58,Female,"['Ashrams', 'Catholic Church', 'Chinmaya Mission', 'Life Coaching', 'Spiritual Talks', 'Transcendental Meditation', 'Volunteering', 'Yoga Nidra']","['Chinmaya Mission', 'Community Service Group', 'Local Church Community', 'Yoga Studio Community']",2024-05-18
U194,"Austin, TX",34,Female,"['Acupuncture', 'Breathwork', 'Reiki', 'Scriptural Study', 'SolidCore', 'Tai Chi', 'Vipassana']","['Breathwork Collective', 'Energy Healing Circle', 'Spiritual Book Club', 'Vipassana Group']",2024-03-11
U195,"San Francisco, CA",55,Non-binary,"['Group Therapy', 'Journaling', 'Mystical Experiences', 'Yoga Nidra']",['Yoga Studio Community'],2025-09-24
U196,"New York, NY",54,Female,"['Ashrams', 'Forgiveness', 'Life Coaching', 'Pranayama', 'Reiki', 'Selfless Service', 'Somatic Healing', 'Tea Meditation', 'Transcendental Meditation']",['Energy Healing Circle'],2025-09-29
U197,"Seattle, WA",50,Male,"['Acupuncture', 'Fasting', 'Mental Toughness', 'Zen Buddhism']",['Online Spiritual Community'],2024-01-22
U198,"San Francisco, CA",26,Non-binary,"['HIIT Training', 'Hiking', 'Spiritual Talks', 'Swimming']",['Retreat Alumni Group'],2025-01-29
U199,"Queens, NY",28,Female,"['Bhakti', 'Group Therapy', 'Life Coaching', 'Reiki']","['Bhakti Center NYC', 'Energy Healing Circle', 'Online Spiritual Community']",2024-05-06
U200,"Denver, CO",33,Female,"['Dancing', 'HIIT Training', 'Hiking', 'Kundalini Yoga', 'Reiki', 'Sivananda', 'Zen Buddhism']","['Energy Healing Circle', 'Kundalini Collective', 'Online Spiritual Community', 'Sivananda Center']",2024-06-01
